Name,Email,Company,Company One Line Detail,Message Context
John Doe,john.doe@technova.com,TechNova Solutions,AI-driven analytics platform for enterprises,Requesting a demo of your data visualization tools.
Sarah Lee,sarah.lee@healthvita.com,HealthVita,Digital health wearable devices for chronic conditions,Inquiring about partnership opportunities for clinical trials.
Alex Ramirez,alex.ramirez@cloudsphere.io,CloudSphere,Secure cloud storage solutions for SMEs,Interested in integrating your API into our software.
Emily Chen,emily.chen@greenfuture.co,GreenFuture,Sustainable packaging solutions for e-commerce brands,Exploring bulk pricing for compostable materials.
Mark Turner,mark.turner@fintrust.org,FinTrust,Blockchain-based financial compliance software,Seeking a case study for your crypto auditing tools.
Priya Kapoor,priya.kapoor@eduglobal.net,EduGlobal,Online learning platform for K-12 STEM education,Requesting a quote for a school district license.
Carlos Mendez,carlos.mendez@agrotech.ag,AgroTech,Precision agriculture sensors for crop monitoring,Asking about compatibility with IoT farming systems.
Linda Park,linda.park@medi-care.com,MediCare Plus,Telemedicine app for mental health support,Proposing a collaboration for employee wellness programs.
James Wu,james.wu@autodrive.ai,AutoDrive AI,Autonomous vehicle navigation software,Inquiring about API access for fleet management.
Nina Patel,nina.patel@ecofashions.com,EcoFashions,Ethical clothing made from recycled materials,Requesting samples for a retail partnership.
